ID,Batas_Kredit,Pendidikan,Umur,Riwayat_Pembayaran_BulanLalu,Tagihan_Bulan1,Pembayaran_Bulan1,Jenis_Kelamin_Laki-laki,Jenis_Kelamin_Perempuan,Status_Pernikahan_Belum Menikah,Status_Pernikahan_Menikah
-1.5297323202638815,2.4812903218838698,0.08362420100070908,-0.8287655653994453,0.28352398856187133,-2.015040067450261,-1.1078496193323881,1.0,0.0,0.0,1.0
0.2699527623995085,0.6767155423319645,1.4216114170120542,0.4192578742608959,-0.623752774836117,0.04914731871829905,0.9506064475561782,1.0,0.0,0.0,1.0
-0.44992127066584753,-0.09667364890456635,1.4216114170120542,-0.6727626354419027,-0.623752774836117,-0.7372097807744856,-0.5360562674188974,1.0,0.0,0.0,1.0
-1.8896693367965596,-1.3856556342987845,0.08362420100070908,-1.2967743552720734,-1.5310295382341053,-1.5235668802672704,0.03573708449459316,1.0,0.0,0.0,1.0
